http://coreyms.com/,4
http://coreyms.com/feed/,1
http://coreyms.com/contact,1
http://coreyms.com/portfolio,1
http://coreyms.com/category/development,10
http://coreyms.com/category/development/python,7
http://coreyms.com/category/development/git,1
http://coreyms.com/category/development/terminal,3
http://coreyms.com/category/development/javascript,1
http://coreyms.com/category/development/wordpress,1
http://coreyms.com/category/web-design,1
http://coreyms.com/category/web-design/css,1
http://coreyms.com/category/diy,1
http://coreyms.com/category/diy/woodworking,1
http://coreyms.com/category/diy/home-improvement,1
http://coreyms.com/contributors,1
http://coreyms.com/support,1
http://coreyms.com/giveaway,1
http://coreyms.com/development/python/python-django-tutorials-full-series,2
http://coreyms.com/author/coreymschafer,10
http://coreyms.com/development/python/python-django-tutorials-full-series#respond,1
http://coreyms.com/tag/computer-science,10
http://coreyms.com/tag/django,1
http://coreyms.com/tag/programming,8
http://coreyms.com/tag/sql,2
http://coreyms.com/tag/video,9
http://coreyms.com/tag/web-development,2
http://coreyms.com/tag/web-framework,2
http://coreyms.com/development/best-sublime-text-features-and-shortcuts,1
http://coreyms.com/development/best-sublime-text-features-and-shortcuts#respond,1
http://coreyms.com/tag/development-environment,1
http://coreyms.com/tag/mac,2
http://coreyms.com/tag/sublime-text,1
http://coreyms.com/tag/windows,4
http://coreyms.com/development/python/python-tutorial-how-to-set-the-path-and-switch-between-different-versionsexecutables,1
http://coreyms.com/development/python/python-tutorial-how-to-set-the-path-and-switch-between-different-versionsexecutables#respond,1
http://coreyms.com/tag/command-line,3
http://coreyms.com/tag/os-x,2
http://coreyms.com/tag/terminal,2
http://coreyms.com/development/python/python-quick-tip-f-strings-how-to-use-them-and-advanced-string-formatting,1
http://coreyms.com/development/python/python-quick-tip-f-strings-how-to-use-them-and-advanced-string-formatting#respond,1
http://coreyms.com/tag/string-formatting,1
http://coreyms.com/general/big-announcements-video-updates-and-future-plans,1
http://coreyms.com/general/big-announcements-video-updates-and-future-plans#respond,1
http://coreyms.com/category/general,1
http://coreyms.com/tag/channel-update,1
http://coreyms.com/development/python/python-tutorial-sets-set-methods-and-operations-to-solve-common-problems,1
http://coreyms.com/development/python/python-tutorial-sets-set-methods-and-operations-to-solve-common-problems#respond,1
http://coreyms.com/tag/data-structures,1
http://coreyms.com/tag/data-types,1
http://coreyms.com/tag/set-theory,1
http://coreyms.com/tag/sets,1
http://coreyms.com/development/python/python-flask-tutorials-full-series,2
http://coreyms.com/development/python/python-flask-tutorials-full-series#respond,1
http://coreyms.com/tag/flask,1
http://coreyms.com/tag/web-dev,1
http://coreyms.com/development/terminal/linuxmac-terminal-tutorial-the-grep-command-search-files-and-directories-for-patterns-of-text,1
http://coreyms.com/development/terminal/linuxmac-terminal-tutorial-the-grep-command-search-files-and-directories-for-patterns-of-text#respond,1
http://coreyms.com/tag/linux,2
http://coreyms.com/development/terminal/how-to-run-linuxbash-on-windows-10-using-the-built-in-windows-subsystem-for-linux,1
http://coreyms.com/development/terminal/how-to-run-linuxbash-on-windows-10-using-the-built-in-windows-subsystem-for-linux#respond,1
http://coreyms.com/tag/bash,1
http://coreyms.com/development/python/python-quick-tip-hiding-passwords-and-secret-keys-in-environment-variables-windows,1
http://coreyms.com/development/python/python-quick-tip-hiding-passwords-and-secret-keys-in-environment-variables-windows#respond,1
http://coreyms.com/page/2,2
http://coreyms.com/page/3,1
http://coreyms.com/page/13,1
